companyName,website
Alternatives,https://www.altny.com
Chameleon DG (Chameleon Design Group),http://www.ChameleonDG.com
Euroline International | Branding Agency,http://www.eurolineinternational.net
Lively Green | Strategic Design Consultancy,www.livelygreen.co
Design Womb,http://designwomb.com
KarBel Multimedia,http://www.karbelmultimedia.com
Rule29,http://rule29.com/
K Design & Advertising,http://www.kdesignad.com
Mindful & Good,mindfulandgood.com
"Interrobang Design Collaborative, Inc.",www.interrobangdesign.com
The Miller Group,http:www.millergroupmarketing.com
Cardwell Beach,www.cardwellbeach.com
Sight8,www.sight8.com/
GHD Partners,www.ghdpartnersny.com
"Kumbh Design, Inc.",www.kumbhdesign.com
Iron Design,http://www.irondesign.com
Assemble Design - Web design & marketing,http://assemble.design
Bronson Ma Creative,http://www.bronsonma.com
Sheerbravado Design & Marketing,http://www.sheerbravado.com/
"PUMPED, INC",www.pumpedinc.com
Momentum 18 Branding,http://www.momentum18.com
The Circus Works,http://www.thecircusworks.com
rno1 // global brand + digital agency,http://rno1.com
Cogwheel Studios™,www.cogwheelstudios.com
Custom Media,www.custom-media.com
Fuelhaus,http://www.fuelhaus.com
Planet Purple,http://planet-purple.co.uk
Moire Marketing Partners,www.moiremarketing.com
"MARC ATLAN DESIGN, INC.",http://www.marcatlan.com
Harlo Interactive,www.harlointeractive.com
Perlman Creative Group,www.perlmancreative.com
UNIT partners,www.unitpartners.com
Visible Theory,http://www.visibletheory.com
"Design Design, Inc.",www.designdesignonline.com
FunctionFox Systems Inc,http://www.functionfox.com
The D Element,www.thedelement.com
Roz Goldfarb Associates,www.rga-joblink.com
ZARNEY CREATIVE,www.zarney.com
Cut Once,http://www.cutoncedesign.com
"Sage Design Group, LLC",https://sagedesigngroup.biz
forge104,https://www.forge104.com/
Rain Visual Strategy,www.visualrain.com
Big Gorilla Design,https://biggorilladesign.com
Mind The Ad,http://www.mindthead.com
Vyas Giannetti Creative,https://www.vgc.in/
Outside The Box Interactive LLC,https://www.outboxin.com
Need To Talk - Digital Marketing & Advertising Agency,https://needtotalk.ae/
"Atwood Design Studio, LLC",http://www.atwooddesignstudio.com
TinBug Design Studios,www.tinbug.com
PureLocal Marketing,https://www.purelocal.com.au
Brad Eaton,www.eatondesign.com
BRANDTHINK Malaysia,https://www.brandthink.com
IGRAFIX creative solutions llc,https://www.igrafix.com
Liqwit Creative Firm,http://www.liqwit.co
Glantz Design,https://www.glantz.net
hydra newmedia,www.hydra-newmedia.com
Chernoff Newman,https://chernoffnewman.com/
High Bandwidth,http://www.highbandwidth.com
Sensus Design Factory,www.sensusdesignfactory.com
Pastilla,www.pastilla.co
FUEL,www.fuelbranding.com
Empirical Designs - New York Web Design,http://www.empiricaldesigns.net
Lee Mason Design,http://www.leemasondesign.com
PluckyBlond,http://www.pluckyblond.com
luisi diseño,http://www.luisidesign.com.ar
Think to Make,thinktomake.com
SRP Communication and Brand Design,www.srpdesign.com
Creative Slice,http://creativeslice.com
Hooke Design & Marketing Ltd,http://www.hookedesign.co.uk
Jack Rodgers Design,www.jackrodgersdesign.com
Robert Feldman & Associates,www.robertfeldman.com
L7 Creative,www.L7Creative.com
Hamilton Arts,http://www.hamiltonarts.com
Brandtailers,http://www.brandtailers.com/
Victory Graphic Design,http://www.graphicdesignerqueenstown.co.nz
Open Haus Studio LLC,www.openhausstudio.com
The Surprise Brand,http://www.thesurprisebrand.com
Limelight Advertising & Design,http://www.limelight.org
MA2LA,www.ma2la.com
Perlman Creative Group,http://www.perlmancreative.com/
TDW+Co,www.tdwandco.com
Association of Professional Model Makers,www.modelmakers.org
Sunrise Advertising,http://www.sunriseadvertising.com
Marketing by Design,http://mbdesign.com
ETM Creative,http://www.etmcreative.com
Mindflash Advertising,http://www.mindflashad.com
Executive Strategy Limited,www.executivestrategy.com.hk
Tek-unique,www.tek-unique.com
Christopher Heffley Creative,http://heffley.ca
Oniric Creative Studios,http://www.oniric-creative.com
Bunbury Creative,www.bunbury.uk.com
QUENCH Design & Communications,http://www.quenchme.ca
"Intrinzic, Inc.",www.wherebrandsaremade.com
LOOK Agency,www.look-agency.com
Oblique Design,www.obliquedesign.com
Estudio Menta,http://estudiomenta.com
McMillan Design Group,http://www.mcmillandesigngroup.com/
Fischer Design,http://www.fischer-creative.com
Boxon,http://www.boxonvision.com
"Optic Lingo, Inc.",www.opticlingo.com
Carter Strategy,www.cartisgroup.com
Soto Creative,http://www.sotocreative.com
Big Red Rooster,http://www.bigredrooster.com
Sandy Magluilo is SDMcreative,www.SDMcreative.com
Fusion Communications Inc.,http://www.fusiongroup.ca/
Fathom Design,http://www.fathomdesignworks.com
Designed.asia,http://www.designed.asia/
Wall-to-Wall Studios,www.walltowall.com
LiGHT-FiSH,www.light-fish.com
Auracle Brands,http://www.auraclebrands.com
Spark & Bang,www.sparkandbang.com
Patrick Carter Design,http://patrickcarterdesign.com
Nineteen-Fifty Design & Print Co Ltd,www.1950studio.com
Design Religion Ltd,http://www.designreligion.co.uk
Brand and Bridge Creative Services,www.brandandbridge.ca
10twentyfive Pty Ltd,www.10twentyfive.com.au
Schwann,www.schwann.cn
The Bytown Group,http://bytowngroup.com
"HiveMind Marketing, Inc.",http://www.hivemindinc.com
Kranked Nation | Digital Agency,www.krankednation.com
OTTO NY,ottony.com
IDU Creative Services,www.idudesign.com
Design Hub,www.designhub.co.in
CINDERBLOC,www.cinderbloc.com
Irrational Design,www.irrational.info
Twig Creative,http://twigcreative.com/
RACESENG studio,www.racesengstudio.com
Ubriety,http://www.ubriety.com
Creativoo Design Consultancy,http://www.creativoo.com
Saint Dwayne Associates,www.saintdwayne.com
GLOBAL POINT New York,http://www.globalpointny.com/
UpShift Creative Group,http://www.upshiftcreative.com
divita,http://www.behance.net/seifip
Moxie Sozo,http://www.moxiesozo.com
grow,http://www.growqatar.com
Be Human Design,www.behumandesign.com
bamboo architecture+design,www.bamboostudio.it
Lloyd Northover,www.lloydnorthover.com
Train of Thought,www.trainofthought.net
Cebu Interactive Design,www.idesign.ph
Sticky Media,http://www.stickymedia.com.au
Xylem Creative,xylemcreative.com
MiresBall,www.miresball.com
Parabureau,http://www.parabureau.com
Pat Turner Digital Studios,http://www.patrickturner.com
RocketDog Communications,www.rocketdog.org
metamorph,www.metamorph.gr
The White Room Inc Design/Art Direction,http://www.thewhiteroom.ca
focus2 Brand Development,www.focus2.com
Panoramic Studios,http://www.panoramicstudios.com
Stimulating Minds,www.stimulatingminds.co.uk
design solutions LI,http://www.designsolutionsli.com
Motive Media Advertising + Design,http://wearemotive.com
Irida,http://www.iridaimaging.com
The Tenfold Collective,http://www.tenfoldcollective.com
WORKHOUSE,www.workhousepr.com
iFuel Interactive / Agency212,http://www.ifuelinteractive.com
"CK Communications, Inc.",www.CKC411.com
SEVENDESIGN,WWW.SEVENDESIGN.COM.AR
Go Vicinity Creative,http://www.govicinity.com
Ember Studio,http://www.emberstudio.com
"Digital Metamorphosis, LLC",www.digitalmetamorphosis.com
Speak!,http://www.speakdesign.com
Influential Design Group,http://influentialdesigngroup.com/homepage.html
Evolve Agency Ltd,http://www.evolveagency.com
Yeehaa!,www.yeehaadesign.com
LFABRICA,www.lfabrica.sk
Revelation Advertising Inc.,revelationadvertising.com
sfimedia.com,http://www.sfimedia.com
Scout Creative,www.scoutcreative.com.au
CMK1 Cape Town,www.cmk1.co.za
[kloo] Pte. Ltd.,www.designkloo.com
Brand X,www.brandx.me
Signaltree Marketing & Advertising,http://www.signaltree.net
IDEA Creative and Design,http://www.idea.bg/interior-design
Tribe Creative Agency,http://tribecreativeagency.com/
Montage,http://www.studio-montage.com/
ID&B brand strategy & design,www.idandb.com
Able,http://www.designedbyable.com/
Rob & Damia Design,http://www.robanddamia.com/
Citrus Design Group,http://www.wearecitrus.com
Bates Design,www.batesdesign.com
Bull's-Eye Creative Communications,www.bullseyecreativecommunications.com
"WireMedia Communications, Inc.",http://www.wiremedia.net
Kayak advertising,kayak-adv.com
Tide Rise Creative,http://www.tiderise.com
Philipstudios,www.philipstudios.com
Type Image Form,www.typeimageform.com
East House Creative,http://east-house.com/index.htm
Paprika Creative LLC,www.paprikacreative.com
"n2design, inc.",www.ntwodesign.com
DILLON GARRIS,www.dillongarris.com
"Mizrahi, Inc.",http://www.mizrahionline.com/
Blank Design Communications,www.blankblank.com
XBrand,http://www.xbrand.net
NATURE DESIGN & PRINT,http://www.naturedesign.weebly.com
"HiveMind, LLC",http://www.ourhivemind.com
Pixelinvention,www.pixelinvention.com
Public Red Studio,Http://www.public-red.com
Davidson & Belluso,http://www.davidsonbelluso.com
| Empreça Visual,www.emprecavisual.com
Mickle Design,mickledesign.com
"Outernational, Inc.",www.outernational360.com
Foundry Creative,www.foundrycreative.ca
Toast Design Agency,http://toastdesign.com.au/
Andrew Rea Design,www.andrewreadesign.com
Maiden Media Group,http://www.maidenmediagroup.com
Zara Media Design Group,www.zaramedia.com
Project BIG fish,www.projectbigfish.com
Blue Coin Creative Design Agency,http://www.bluecoin.com.sg
BBMG,http://www.bbmg.com
Oya Group,http://www.oyagroup.com
GrafiQa Creative Services,www.GrafiQa.com
Noisyspace :: Design & Art Direction,www.noisyspace.com
NUVO Marketing,http://www.nuvo.mk
"Berson|Dean|Stevens, Inc.",http://www.BersonDeanStevens.com
e10 Inc.,http://www.e10inc.com
Kounterattack Design,http://www.kounterattack.com
farm,www.farmsd.com
Kristi Mertaugh Consulting,http://www.mertaughconsulting.com
Bergman Associates,http://www.bergassociates.com
BRANDTHINK Malaysia,www.brandthinkasia.com
PIEDRAPAPELTIJERA,http://www.piedrapapeltijera.com
"Courtney & Company, Inc.",www.courtneyco.com
WhiteSpace Creative,www.whitespace-creative.com
Designspace,http://www.designspace.co.uk
Gavula Design,http://www.gavuladesign.com
Orange Element,www.orange-blog.com
Evo Design Ltd,http://www.evodesign.ltd.uk
Design Marketing Group,http://www.passionatemarketers.com
me&em graphic design,www.meandemdesign.co.uk
Hutner Descollonges,http://www.hdsf.com
"Office: Jason Schulte Design, Inc.",www.visitoffice.com
PM & CO,http://www.designpm.com
Ochre Revival,www.ochrerevival.com
Nail It,www.nailitfactor.com
Cushman Creative,www.cushmancreative.com
Sabet Brands,www.sabetbrands.com
"fister, inc.",http://www.fister-inc.com
Fresco Creative,http://www.frescocreative.com.au
Baker Creative,www.baker-creative.com
Franklin Designs,http://www.wix.com/melissafranklin/design
Excentric Creative Partners,www.excentric.ca
Overthrow Productions Ltd,http://www.overthrowproductions.com
Westminster Promotions,http://www.westminsterpromotions.com
Form Advertising,www.formadvertising.co.uk
Lavmi,www.lavmi.cz
MDI-Digital,http://www.mdi-digital.com
Foster Communications,www.sfostercom.com
anashedesign,www.anashedesign.com
Foundry34 | Branding | Web Design | Advertising,http://www.foundry34.co.uk
iD2 Communications Inc.,iD2
Flat World Design,www.FlatWorldDesign.com
lab 4 design,http://www.lab4design.com
Neonblack Media,http://www.neonblackmedia.com/
Design By Theory Media,http://designbytheory.com/
paulette Kaplan design inc,http://www.creativeshake.com/pkaplan
"Connors Advertising & Design, Inc.",www.pc-advertising.com
Jeremy Heilpern,http://jeremyheilpern.com
Xactly Design & Advertising Inc.,www.xactlydesign.com
Single Leaf Graphics,http://singleleafgraphics.com/
ricochet: communications design,http://www.ricochet.org
Tomorrow,http://tomorrowpartners.com/
The Ebeling Group,www.theebelinggroup.com
Mo Ka,http://www.moka.be
Greg Walters+Design,waltersdesign.com
DMD New York,www.dmdinsight.com
"Kindred Design Studio, Inc.",www.kindredesign.com
birdsong gregory,www.birdsonggregory.com
Emworx,http://www.emworx.com
NARANJO C+D,www.naranjonline.com.ar
Freaner & Associates,http://www.freaner.com
Enthof Solutions,www.enthof.com
Emphasize Design,www.emphasize.ca
ferrariodesign,http://www.ferrariodesign.it/en/index.html
Pixelburn Limited,http://www.pixelburn.co.uk
Pure Design International,http://www.puredesigninternational.com/
Design Commission,http://www.designcommission.com
Henne & Associates,www.henneassociates.com
"Wert & Company, Inc.",www.wertco.com
UP Design,www.updesign.com
Peterman Design Firm,www.petermanfirm.com
LA New Product Development Team,https://lanpdt.com
BOLTGROUP,https://boltgroup.com
Evoke Idea Group,http://www.evokeideagroup.com
BZDesign,https://www.bzdesign.com
Outlier,www.betheoutlier.com
Synergy Elements,http://synergy.bz
Pixel Parlor,http://www.pixelparlor.com
FACTOR 10,http://www.f10design.com/
graphworkx media Werbeagentur,http://www.graphworkx-media.de
Lien Design,http://www.liendesign.com/
Motiv Design,www.the-motiv.com
Indigoextra Marketing,http://www.indigoextra.com
Intelligent Product Solutions,intelligentproduct.solutions
ALTITUDE,www.altitudellc.net
Crux Creative,www.cruxcreative.com
ClepperTime,http://www.coroflot.com/rayclepper
Peopledesign,www.peopledesign.com
Smuzi,http://smuzi.com/
Echo-Factory,www.echo-factory.com
Evolve Media,evolvemedia.com
Forty: Design with Depth,http://fortyagency.com/
David Carlson,http://www.david.se
Brett Vorster | Design. Develop. Advertise,www.bgv.co.za
Meso,http://www.mesodesign.com
Pixlart,http://www.pixlart.net
The Directive Collective,www.directivecollective.com
BXC - Active & Lifestyle Branding,http://nicelogo.com/coroflot
Ignite USA,http://www.igniteusa.com
The Lally School of Management & Technology | Rensselaer Polytechnic Institute,http://lallyschool.rpi.edu
Ripe Inc.,http://www.ripeinc.com
"Rocketboy Media, Inc.",https://rocketboymedia.com
Solnet Web Design,www.solnetweb.com
mikidesign co.,www.mikidesign.com
London Grey Co.,www.londongreyco.com
"Patton Design, Inc.",www.pattondesign.com
Digital Traffic Firm,https://www.digitaltrafficfirm.com/
HypeLife Brands,https://www.hypelifebrands.com
Plunge Creative,www.plungecreative.com.au
TM design,www.tmdesign.ca
DRED Inc,http://www.dred.vn
Thinktiv,https://thinktiv.com
Russellk DESIGN,http://russellk.com/
Digital Marketing Agency Consultant | Michael Priyev,http://michaelpriyev.com
Zoltun Design,www.zoltun.com
Moto DesignShop,www.motodesignshop.com
Firefly/MCM,www.fireflymcm.com
ide Group,www.idegroup.com.au
Willy Willy Creative,www.willywillycreative.com
Crimson Lab Corporation,http://www.crimsonlab.com
RE:Design,http://www.redesign.ba
ZDCA Design & Development,http://www.zdca.com
Innate Agency,http://www.innateagency.com
HHH Designers,www.HHHDesigners.com
Gold Promotion,http://goldpromotion.com
Oxygen Tank Studio,http://oxygentankstudio.com
Access TCA,http://www.accesstca.com
Perinola,http://www.grupoperinola.com
BrandWire NYC,www.brandwirenyc.com
InDemand Web Solutions,www.indemandwebsolutions.com
Higher Ground Creative,http://www.highergroundcreative.co.uk
Web Design Company - CBIL360.COM,http://www.cbil360.com/
Sustainable Design Labs,http://www.sustainabledesignlabs.org
APTLYgroup,www.aptly.co
Appleton Creative,http://appletoncreative.com
Phoenixfire Solutions,www.phoenixfiresolutions.com
FliteHaus Creative Agency,http://www.flitehaus.com
newlogic,www.newlogicusa.com
"Design Revolution Studios, LLC",http://www.designrev.com
"Alliance Design, Inc.",http://www.alliancedesign.com
Studio17 Design,www.studio17design.co.uk
Empire Advertising and Design,http://www.empiread.com
page2studio,http://www.page2studio.com
Teamworks Design & Marketing,http://www.teamworksdesign.com
PLUS972,www.plus972.com
G2One Network,www.g21network.com
Hinge,www.hingemarketing.com
Tyler Schroeder Consulting & Services,http://www.tylerschroeder.net/
substance151,http://substance151.com/
The Design Dispensary,www.thedesigndispensary.co.uk
JACOBSON,www.jacobsoneli.com
LUCITA,www.lucita.net
ShoeBox Design,www.shoeboxdesign.co.uk
Admoves,www.admoves.com
Balance Creative,http://www.balancecreative.co.uk
"dk design studio, inc.",http://dkdesignstudio.com
"Bright Path Media, LLC.",http://brightpathmedia.com
digital knowledge™,http://www.digital-knowledges.ro
Human Brand™,HumanBrand
Makers,http://www.makersco.com/
Lund & co,http://www.lund-co.dk
Eye Digits,http://www.eyedigits.com
parlato design studio,http://parlatodesign.com
Design Chronicle Studios,www.dcs.com.mt
Parallax Visual Communication,http://www.thinkparallax.com
Lolli Media Limited,www.lolli.com.hk
Moonlight Creative Group,www.moonlightcreative.com
"Doug Brown Design, LLC",www.DougBrownDesign.com
M4D Group,www.m4dgroup.com
Corporate designit,http://www.corporatedesignit.co.uk
StyleForge LLC,http://www.styleforgellc.com/
YYES,http://www.yyes.org/
"Stone's Throw, Inc.",http://www.stonesthrowaway.com
Sublimeo,http://www.sublimeo.com
CANENERO Advertising,http://www.canenero.com
Lightform,www.lightform.ca
Uptown Studios,http://www.UptownStudios.net
"Newhall Klein, Inc",http://www.newhallklein.com
USC Design Studio,http://designstudio.usc.edu/
Cortes Design,http://www.cortes-design.com
Studio AUM,www.studioaum.in
Moment Design Co. Ltd.,http://www.momentdesign.com.hk
Blend: Human Driven Design,http://www.blenditbetter.com
modern8: Brand Design Firm,http://www.modern8.com/
Chicago Web Management,www.chicagowebmanagement.com
Officina Quack!,http://www.officinaquack.it
JDH Ideas,http://www.jdhideas.com
RenquistDesign,www.renquist.com
"RGI, Inc.",www.rgidesign.com
jmj_design,http://jaymjones.com/
Fusebox Communications,www.fuseboxcommunications.com
Future Friends,http://www.thefuturefriends.com
aesthetic sherpa,www.asherpa.com
"Woz Design, Inc.",www.wozdesign.com
Foci - Focused Interaction,www.focusedinteraction.com
Liquid Designers,http://www.liquiddesigners.com
Creativos del Sur - Design Studio,www.creativosdelsur.com.ar
Anders Creative,anderscreative.com
GRAPHITE,http://www.graphitela.com
iSoftStone Inc.,http://www.isoftstone.com/
Above Creative,http://abovecreative.com
Orion Creative Group,http://www.orioncreativegroup.com/
Designkitchen,http://designkitchen.com
"YOR Design Group, LLC",www.yordesigngroup.com
Scott Design Inc,http://www.hotdesign.com
jhchoi,www.jhchoi.com
weber. kreative dienstleistungen,www.christianweber.info
Cultigraphic Creative,http://www.cultigraphic.com
BMD Media,www.bmd-media.com
Studio 365,http://www.studio365.ca
Firefly Creative Company,http://www.fireflycompany.com
MarsApril,www.marsapril.se
Chocolate and Foam,http://www.chocolateandfoam.com
Fresh Digital,http://www.freshdigital.co.za
Full Grown Design,http://fullgrowndesign.com
Orange County Designers,www.orangecountydesigners.com
The Brand Surgery,http://www.thebrandsurgery.co.uk
OOZE,www.ooze.ws
The Sponge Pty Ltd,blog.thesponge.com.au
Double Barrel Design Consultancy,www.dbdc.com
i3m Ltd,http://i3m.co.uk
Pinpoint Logic,http://www.pinpointlogic.com
Plan-B Studio Ltd,http://www.plan-bstudio.com
Circle Design,http://www.circledesign.net
Bidwell ID,www.bidwellid.com
"MVCarpenter, Inc.",http://www.mvcarpenter.com
ORIJINE,http://www.orijine.com/
Branding Healthcare,http://www.branding-healthcare.de
Zwally Design,www.zwallydesign.com
About Face Design,http://www.aboutfacedesign.net
Comprador Mai'ban Inc.,comprador.cc
"Myover, Inc",http://www.myover.com
Sue Hoffman Designs,www.suehoffmandesigns.com
Behavior,http://www.behaviordesign.com
"Amy J. Wiener, LLC",www.amyjwiener.com
Raffles Education Corporation Ltd,http://www.raffles-lasalle.com
Dreams + inc.,Http://www.dreamgoods.com
ANIMATED VISION,www.animatedvision.com
Generator Group,www.generatorgroup.net
THINK PR,www.thinkpublicrelations.com
Gee + Chung Design,geechungdesign.com
Sprout Studios,sprout.cc
Tandem Product Design,www.tandem-design.com
Huemen Design,https://www.huemendesign.com/
Spanner,www.spannerpd.com
Blond,www.blond.cc
Cardboard Helicopter Product Design,www.cardboardhelicopter.com
Whipsaw,www.whipsaw.com
Ventrify Inc.,ventrify.ca
Speck Design,https://www.speckdesign.com/
Formation Design Group,www.formationdesign.com
Zenpack,https://www.zenpack.us/?utm_source=core77&utm_medium=directory&utm_campaign=core77_directory
Shark Design,www.sharkdesign.com
PRIME STUDIO™,www.primestudio.com
Production Partners,www.production-partners.com
21am,https://www.21am.com/en/
andesignlab,www.andesignlab.com
Pensa,www.pensa.co
PDR,http://www.pdr-design.com
Bluemap Design,https://bluemapdesign.com
SGW Designworks,https://sgwdesignworks.com
"Hatch Duo, LLC",https://www.hatchduo.com/
ABSTRATEGY design,http://www.abstrategydesign.com
Outerspace Design,outerspace.co
Michael DiTullo,http://www.michaelditullo.com
"Anvil Studios, Inc",www.anvil-studios.com
Product Ventures,www.productventures.com
Essential Design,essentialdesign.com
Sequoia-studio,www.sequoia-studio.com
Design 1st Inc.,https://www.design1st.com/en
Delve,www.delve.com
219 Design,www.219design.com
ATLASON / studio,www.atlason.com
Katapult Design,www.katapultdesign.com.au
HS Design,http://www.hs-design.com
"Laporta Design Group, LLC",https://www.laportadesigngroup.com
Mixer Design Group,www.mixerdesign.com
CRE8,www.cre8-design.com
Karten Design,www.kartendesign.com
FIT R&D,www.fit-r-d.com
StudioMoya LLC,http://www.studiomoyadesign.com/
A2,www.A2inc.com
Curve ID,www.curveid.com
CASINI STUDIO,www.casinistudio.com
ECCO Design,www.eccoid.com
Leadoff Studio,www.leadoffstudio.com
Pushstart Creative,http://pushstartcreative.com/
Pulse Design Group,www.pulse-global.com
PRODUCTWORKX,www.productworkx.com
Datum3D Product Development,www.datum3d.com
Bould Design,www.bould.com
Renfrew Group International,www.renfrewgroup.com
Edmire.Design,www.edmire.design
dashdot,www.dashdot.com
Use All Five,www.useallfive.com
Connectable Design & Dev,www.ConnectableDesigns.com
Nosh Studio,http://noshstudio.com/
SPARK Product Development LLC,https://www.sparkproductdevelopment.com
Team Human - Product Design & Prototyping,www.teamhuman.ie
2s.design,https://2s.design/en/2s-design-industrial-design/
Alessandro Loschiavo Design,www.aled.it
InDezign,http://www.indezign.de
Raymont-Osman,https://www.raymont-osman.com
Dynteq,www.dynteq.com
Society Creative,http://www.societycreative.com
Designlab Colombia,www.designlabcolombia.com
DegreeSign,https://degreesign.com/
"Facheris Design, Inc",http://www.facherisdesign.com
"PDT, an Astronics Company",https://www.pdt.com
Elf,www.elf.agency
SLIMDESIGN,www.slimdesign.com
ram industrial design,https://ramidinc.com/
Micieli Design Workshop,https://micielidesign.com
The Fuel,www.thefuel.co
Henrik Jensfelt Design,https://www.henrikjensfelt.com
LKKER SCM,www.lkkerscm.com
Flynn Product Design,http://flynn-product-design.com
Distoric Design Group,www.distoric.com
"MPR Associates, Inc.",www.mpr.com/product-development
GP designpartners gmbh,http://gp.co.at
Design + Product,www.designandproduct.co.uk
Pedro Gomes Design is now Possibility™.,https://www.designpossibility.com
Kaleidoscope Innovation and Product Design,www.kascope.com
LKK Industrial Design,www.lkkdesign.com
Lava Design Inc.,www.lavadesign.com
exe design,http://www.exedesign.it
Kreg Jones LLC,www.kregjones.com
Charlwood Design,www.charlwood.com.au
Ragazzo Design Studio,https://www.ragazzo.com
PILOTFISH Amsterdam | Berlin | Taipei,www.pilotfish.eu
Creativeans,www.creativeans.com
DISHER,http://disher.com/solutions/discovery/
M3 Design,www.m3design.com
Spitfire Industry,https://www.spitfireindustry.com/
ICOMM 3D Design,http://www.icomm3d.com
Evolvero Design,http://evolverodesign.com/
DSIGNIO,www.dsignio.com
Principal Design LLC,https://www.principaldesign.com
STORM STUDIO,www.strmstudio.com
ANCORD Design Co,https://ancorddesign.co
Ponti Design Studio Ltd.,https://www.andreaponti.com/
maform,www.maform.hu
Kritzer Design Studio [KDS],kds.is
Alloy | Design & Innovation,www.thealloy.com
Real DFM,www.realdfm.com
Shikatani Lacroix Design,www.sld.com
WMP,wmpcreative.com
VanBerlo Agency,http://www.vanberloagency.com
Cortex Design Inc.,www.cortex-design.com
Little Mammoth,http://www.littlemammoth.co.uk
studio Franck Magné,http://www.franckmagne.com
Boonen Design Studio,www.boonendesignstudio.be
FORMA Industrial Design,https://www.forma.com.ru
4DESIGN,www.4design.co
White Box Design Inc.,www.whiteboxdesign.com
LOOPHOLE,loophole.co
WAACS design & consultancy,www.waacs.com
OBERWELZ design,https://www.oberwelzdesign.com/en
Deco Design Interior,https://www.decodesigninterior.com
Kinneir Dufort,http://www.kinneirdufort.com/
level,leveldesignsf.com
LINK Product Development,www.linkpd.com
Industrial Design Consultancy Ltd (IDC),www.idc.uk.com
"Cesaroni Design Associates, Inc.",www.cesaroni.com
3form Design (3fD),www.3formdesign.com
ruef design,www.ruef.com
Louis A. Lara Design,www.louisalara.com
Ember Design House,www.emberdesignhouse.com.au
metaform product development,www.metaformdesign.com
Spark Innovations Inc.,www.sparkinnovations.com
Satellite Industrial Design,http://satelliteid.com
DDSTUDIO,www.ddstudio.com
"Hebert Engineering & Design Co, LLC",http://www.hedcllc.com
Omnica Corporation - Product Development,http://www.omnica.com
Balance Innovation & Design,www.balanceinc.com
RAAK Design Studio,www.raakdesign.com
Valerio Cometti+V12 Design,http://www.v12design.com
Ridzert Product Design,http://www.ridzert.com
Group 4,www.groupfour.com/
Product Insight Inc.,www.productinsight.com
freeform,www.FreeformCreative.com
Pip Tompkin Design,www.piptompkin.com
Blender,www.blender.net.nz
DNA | Kaluderovic & Condini,http://www.dna.sm
ILANEL DESIGN STUDIO,https://www.ilanel.com/
ID Group Inc,www.idgroup-inc.com
UNIWOW,http://www.uniwow.com
"Ink Studios, LLC",www.inkstudios.co
WB Engineering,www.wb-3d.com
STRATO dsgn,www.strato-dsgn.be
bb7,www.bb7.com
Workhorse Design,www.designworkhorse.com
Mukomelov,http://www.mukomelov.com
START Design Studios,www.STARTdesignstudios.com
CZYZEWSKI Design,http://czyzewski-design.com/
Product Lab Pty Ltd,www.productlabltd.com
FiF HOUSE,http://www.fifhouse.com
Domus Design,http://www.domusid.com.br
Alfred van Elk industrial design,www.alfredvanelk.com
OrangeTangent,www.orangetangent.com
Bleck Design Group,www.bleckdesigngroup.com
Flying Objects,http://www.flyingobjects.eu
ION Design,http://www.iondesign.com/
Ame Group,www.ame-group.co.uk
Alskar Design,www.alskar.com
IDOLOGY DESIGN LLC,www.idologydesign.net
Papa Bravo,www.papabravo.design
Cusp Development,www.cuspdevelopment.com
Drive - Automotive Design Consultancy,www.drivedesign.co.uk
Pair Industrial Design Studio,www.pair-studio.com
Think Refine,www.thinkrefine.com
ERNST,WWW.ERNSTEVERYTHING.COM
Linespace,www.linespace.com
The Principals,http://www.theprincipals.us
Cuetone,www.cuetone.co
Appart_,http://www.thinkappart.com/
Trichromatic Studio,www.trichromaticstudio.com
The Division,www.the-division.com
Nection Design,http://www.nectiondesign.com/
Studio Murmur,www.studiomurmur.net
Crux Product Design Ltd,http://www.cruxproductdesign.com/en/
Flyweight Studio,www.flyweightstudio.com
ISOMORPHIC Design Lab LLP,www.idlabllp.com
David Gonçalves Design,http://www.davidgoncalvesdesign.com/
Stefan Radev + Partners,http://stefanradev.com/
Avadium Design,http://www.avadiumdesign.com
Montaag,http://montaag.com/
4c Design,www.4cDesign.co.uk
FLEX/design,http://www.flex.nl
Bridge Factory Product Design,www.bridgefactory.com
WILDDESIGN Group,www.wilddesign.com
Tata Elxsi,http://tataelxsi.com/services/industrial-design-innovation/overview.html
D2M,www.d2m-inc.com
YHK Design Limited,http://www.yhkdesign.com
Idea Reality Ltd,www.ideareality.design/
"Brooks Stevens, Inc.",www.brooksstevens.com
Trampoline Design,www.trampoline.co.in
zero,http://www.zero-360.co.uk/
Propeller Design,www.propeller.se
JOEL ESCALONA,www.joelescalona.com
Thing,www.thing.fi
LÚCID PRODUCT DESIGN,http://www.lucidworks.pro/
Creactive Design ID,www.creactive-id.uk
ObjectLab,http://www.objectlab.ru/
ID-3D Product Design,www.ID-3D.com
Rhythm Visual Communication,www.design-by-rhythm.com
Great Fridays,www.greatfridays.com
"KENDU Design, Furniture Brand",http://kendudesign.com
Object Studios,www.objectstudios.com
Design Partners,http://www.designpartners.com
Swope Design Solutions,http://swopedesignsolutions.com/
Produktworks Design,www.produktworksdesign.com
KREATIVØPERATIV studio,http://kreativoperativ.com/
Vetica Group,http://www.vetica-group.com
DipAgency,http://www.dipagency.com
Kablooe Design,www.kablooe.com
gravity GmbH,http://www.gravity-europe.net
Ahsayane Studio,www.ahsayane.com
Imbris Design - Estudio de Diseño,www.imbrisdesign.com
Streng,www.strengdesign.net
GeriljaWorks,www.geriljaworks.no
Evo Design,www.evodesign.com
Octopus Innovation,http://www.octopusinnovation.com
Thinkable Studio,www.thinkable.co.uk
Cluster One creative solutions pvt. ltd.,http://www.cluster-one.net
NOS,www.nos.mx
Cambridge Industrial Design Ltd,www.cambridge-industrialdesign.com
aNEW Designs,http://www.anewdesigns.com
Prod Designs,www.proddesigns.co.uk
iyachtdesign,http://www.iyachtdesign.com/iD/
T2 Design & Prototype,www.t2design.com
Konstrukt,www.KonstruktDesign.com
Mean Design Studio,www.meandesignstudio.com
c3 industrial design,http://www.chinacreativecompany.com
SONIC Design,www.sonicNY.com
"Beyond Design, Inc.",www.beyonddesignchicago.com
"Alloy Design, Inc.",www.alloydesign.us
Van der Veer Designers,www.vanderveerdesigners.nl
Phoenix Design GmbH & Co. KG,www.phoenixdesign.com
pinxdesign creative lab,www.pinxdesign.com
bundl,www.bundl.be
Apicula,http://www.apicula.com.pt
INNOVA DESIGN,www.innovades.com
Identidad Diseño,http://www.identidaddiseno.com/
McCormack Design Limited,www.mccormackdesign.co.uk
stilform,www.stilform-design.de
D-CUBE DESIGNS,http://www.d-cubedesigns.com
Alexander Bannink ID,www.alexanderbannink.com
SPACECUTTER,spacecutter.com
Constructo,http://constructodigital.com
Tridaxis,www.tridaxis.com
Quirky,http://www.quirky.com
iterign,http://www.iterign.com
Dosmaquinas,http://www.dosmaquinas.com
Brightworks Product Design,http://www.brightworks.co.uk
Vim & Vigor Design,http://vimvigordesign.com
Cooper,http://www.cooper.com
"Gordon Randall Perry Design, Inc.",www.grpd.com
HOWL,www.howlstudio.se
Harry Allen Design,harryallendesign.com
Jorge Diego Etienne - Industrial Design,http://www.jorgediegoetienne.com
Design Visionaries,http://designvisionaries.com
Perch,www.perch.ie
Optimal Design,www.optimaldesignco.com
Chrome Design,www.designchrome.com
rDesignSolutions,www.rdesignsolutions.com
TODA,www.toda.com
DREIPULS,http://dreipuls.com/
L.I.M. Design Work Ltd.,www.limdesignwork.com
Formboten | Zentrale für Produktdesign,www.formboten.com
CADmech Design Inc.,www.cadmech.com
ZERO,http://zeroinnovates.com/
POD DESIGN llc,http://pod-design.com
Chijoff+Co,www.chijoffco.com
2nd Look Studio,www.2ndlookstudio.com
Cinco Design,http://cincodesign.com/
Gauzak,http://www.gauzak.com
Lumium Innovations,http://www.lumium.com/
Bertussi Design,www.bertussidesign.com.br
Ydeaz,www.ydeaz.com
Overland & True,www.overlandtrue.com
LOGIC PD,www.logicpd.com
Katmek Design,http://katmek.com/wordpress/?lang=en
Industrial Design Consultancy (IDC),www.idc.uk.com; www.idc.cn.com
SQUIDBONE - industrial design & visualising,www.squidbone.com
Ammunition,www.ammunitiongroup.com
manuel saez & partners,www.manuelsaez.com
WeLL Design,http://www.welldesign.com/?language_change=ENG
Greaves Best Design,www.greavesbest.co.uk
Raaya Design,www.raayadesign.com
Dolton & Dex Limited,www.doltonanddex.com
Grain,www.graindesign.com
KAMIA,www.kamia.com
studio abd,www.studioabd.in
CL Designs,www.cl-designs.com
artjar,http://www.artjar.com
DESIGNK2L,http://www.designk2l.com
s.point design,http://www.spointdesign.com
Raytech Corporation,www.raytechcorp.com
exodesign,http://www.exodesign.com
Slipstream Design,www.slipstreamdesign.com
"Tancher,the Electronics Design Company",www.tancher.com
Montgomery Design International,www.montgomerydesign.com
"LMS Design, Inc.",www.lmsdesign.com
"Nectar, Inc.",http://www.nectardesign.com
laga | One80 Design,www.one80design.com
Facets Design,http://www.facets.com.tw
12gurus,http://www.12gurus.com
"Vector Tech, Inc.",www.vectortech.net
"E-M Designs, Inc.",www.emdesigns.com
ChaseDesign Inc.,www.chasedesign.net
VanCampDesign,www.vancampdesign.com.br
Urban Tree Salvage,www.urbantreesalvage.com
"Design Element, LLC",www.usdesignelement.com
Giovanni Pellone Design,www.giovannipellone.com
KISKA,www.kiska.com
Lake Effect Design,www.jgabry.com
Moving Minds,https://www.movingminds.io/
iBrandox Online Pvt Ltd,http://www.ibrandox.com/
Touch360,http://www.touch360.com
Nebulem Product Design,https://nebulem.com/
RSW,www.rsw.design
"Rocketship, Inc.",http://www.rocketshipdesign.com
3XUID,http://www.produktdesignerne.dk
tomasini design,www.tomasini.com
Igor Institute,www.igorinstitute.com
Pilotfish Inc,http://www.pilotfish.eu
Hines Product Design,https://hpd.design/
Atus Design LLC,www.atusdesign.com
Delatour Design Paris,www.delatourdesignparis.com
Up.Top Designs LLC,https://uptopdesignsllc.weebly.com
Hone Product Design,http://honepd.com
Ideaal,www.ideaal.dk
LDA,www.LDALLC.com
Piero Quintiliani Design Studio,https://www.pqdesign.com/
JDID,jdidProductDesign.com
Sublimio – Branding & Strategy,www.sublimio.com
Stoke Ventures,http://stokeventures.com/
o4i,www.o4i.com
Barski Design GmbH,www.barskidesign.com
Orama Product Development,www.oramacreations.gr
Vapor Studio,www.vapor-studio.com
Achella Design Studio,www.achelladesign.com
Venn Industrial Design Concultancy,http://www.venn-idc.com/#!en/cjg9
STIMULO,www.stimulo.com
NON·OBJECT,www.nonobject.com
Priority Designs,www.prioritydesigns.com
Levine Innovations LLC,www.levineinnovations.com
Linx,linx-global.com
Melange Design Pvt. Ltd.,www.melangedesign.net
surface,http://www.surfacecreative.com
Alòs Idees - not another product designers,www.alosidees.com
Convert Studios,www.convertstudios.com.au
Twisthink,http://twisthink.com
PWW,www.popewainwrightwykes.com
Kickr Design,www.kickrdesign.com
BadGenius,www.badgenius.com
BEIBER STUDIO DESIGN,http://www.beiberstudio.com
Modum Desing,http://www.modumdesign.com
Method,www.method.com
ISLAND8,www.island8.co.uk
Swing,www.swing-limited.com
Glas Jan - Design management and strategy,www.glasjan.com
THENODE LAB,http://thenodelab.com
SPINDEL DESIGN,www.spindeldesign.com
DESIGNsense Ltd,www.designsense.co.nz
JungleFish,www.junglefish.net
FiF DESIGN,www.fifdesign.co.th
Shore Group,www.shore-group.com
flamini + associates,www.flaminiassociates.com
Unlike Design Co.,http://www.unlike.in
VORM,http://vorm.io
Renfrew Group International,http://www.renfrewgroup.com
Smallfry Industrial Design,www.smallfry.com
FABIANO POTTES™ | Consulting & Ventures,www.fabianopottes.com
GinnDesign,ginndesign.com
Bharat&Jean Design Consultants,http://www.bharatandjean.com
Aumcore,http://www.aumcore.com
Sabotage Design Ltd,www.sabotage.london
Studio322,www.studio322.net
AVID Labs,http://www.avidlabs.com/
Tobias Reiter Design,http://www.weissphase.com
Catapult Design,www.catapultdesign.org
DSP Electronics Inc®,www.dspelectronics.com
DESIGN SIEVERS,http://www.design-sievers.de
Mottoform,www.mottoform.com
Outdoor Product Design,www.outdoorproductdesign.com
Volume Studios,www.volumestudios.com
Design Momentum,http://www.designmomentum.com.au
"CreatID, Inc.",www.creatid.com
Greenland Studio,www.greenlandstudio.co.uk
"Wink, inc.",www.wink-mpls.com
Fuzz,www.FuzzPro.com
66 Design Studios,http://www.66designstudios.com
MESSMER SEILER Design Ltd.,http://www.messmer-seiler.ch
Morelli Designers,www.morellidesigners.com
Esben Oxholm Freelance,http://esbenoxholm.dk/
Ratio Design Associates,www.ratiodesignassociates.com
www.macdamian.com,www.macadamian.com
Attacking Design Ltd,http://attackingdesign.com/
EGGS Design,http://www.eggsdesign.no
Baltas Design,www.fatihbaltas.com
Maro Design,http://www.maro.cr/
Bradyzign,http://bradyzign.com
"Cultura Studio, Ltd.",http://culturastudio.com
Marc Martinez Creative Solutions,http://www.marcmartinezcs.com
Daniele Gualeni Design studio,www.gualenidesign.it
Enginuit,http://www.enginuit.com
XLUCID,www.xlucid.com
Fish&Co,http://www.fishandco.co.uk/
Veryday,www.veryday.com
RDD design network,www.rdd.at
Zoe Design Associates,http://www.zoepd.com
HUGE DESIGN,http://www.huge-design.com
Just Our Thought,http://www.justourthought.com
DutchMen Innovation Engineers - Industrieel Ontwerpbureau,http://www.dutchmendesign.nl
Arper,http://www.arper.com
DesignConcept creative studio,www.design-concept.co.in
Proof Engineering Co,www.proofengineering.com
Drawlab,www.Drawlab.com
HJC Design,www.hjcdesign.co.uk
CWD,http://www.cwdlondon.com
Radius Creative Ltd,www.radiuscreative.co.uk
RNR Associates,http://www.rnrassociates.com
Creative Vortex Ltd,www.creativevortex.com
COMBA ideas,www.combaideas.com.ar
Cliff Design,www.cliffdesign.com
CL3V3R - design innovation,www.cl3v3r.it
"Fallbrook Engineering, Inc.",www.fallbrookeng.com
andres bluth product design,http://www.andresbluth.com
Berard Associates,www.berardassociates.com
Giovanetti+Latey Design Studio,www.giovanetti-latey.com
SIDFACTOR,http://www.sidfactor.com
EMS-USA,www.ems-usa.com
"M.IDESIGN,Inc.",www.midesign.co.kr
Observatory,www.observatorydesign.com
Bizarreka (UK) Limited,http://www.bizarreka.com
LUUR,www.luurdesign.com
Owen&Stork,http://www.owenstork.com
Magri Design Consulting,www.magridc.com
propelland,http://propelland.com
"Design Lines, LLC",www.designlinesgear.com
Kaleidoscope,www.thinkkaleidoscope.com
Bay Area Innovations - An Engineering Product Design Firm,http://www.BayAreaInnovations.Com
FullCAD.com,www.fullcad.com
Taylor Boswell LLC,http://www.taylorboswell.co.uk
Arc & Co. | Design Collective,www.arcandco.ca
Green,www.mygreenbrand.com
Tiller Design,http://tillerdesign.com
"LetterFour, llc.",http://www.letterfour.com
PROdesign Australia,www.prodesign.com.au
MindFlow Design,http://mindflowdesign.com
CAMIC designs LLC,www.camicdesigns.com
Knockoutdesign Interactive,http://www.knockoutdesign.eu
Visual Drugstore,http://www.visualdrugstore.com
Alexander Zhukovski Design Studio,http://www.aizzz.com
A&L Criatividade e Comunicação,http://www.criacom.pt
TREAT AND COMPANY,http://treatandcompany.com/
WhiteShapes Innovation & Strategy,www.whiteshapes.com
A3D Innovation Industrial design & Prototype,www.designerindustriel.com
BrandScope,www.brandscope.com
Monokoto,www.monoko.to
ChrisWendel design+commincation,www.ChrisWendel.com
STUCK,www.stuck.sg
Product Tree,http://www.Product-Tree.com
Object Agency,www.object-agency.com
MEMA Engineering,http://www.memaengineering.com
Precipice Design,http://www.precipice-design.com
"JimRyan&Co., L.L.C.",www.jimryanco.com
Studio Überdutch,www.uberdutch.com
"BrightDays Industrial Design Co.,Ltd",www.brightdays.cn
. UFFIZI design .,www.uffizidesign.com.ar
IGOR DAVYDOV,www.igordavydov.com
Jason Iftakhar Enterprises,http://www.jasoniftakhar.com/
Industrial Facility,www.industrialfacility.co.uk
Grandesign,www.grandesign.pt
Afroditi Krassa LTD.,www.afroditi.com
Quicksand Design Studio,http://quicksand.co.in
The Measure,http://www.themeasure.com.au
G² Architectural Graphics,http://www.g-2.be
Product Design Forums,www.productdesignforums.com
Maxypro,www.maxypro.com
EMD,www.engmechdesign.com
Deep Orange Design,www.deeporangedesign.com.au
Firsthand Design Ltd,www.FirsthandDesign.co.uk
GOLDEN PLANET DESIGN,www.GOLDEN-PLANET.com
design by f maurer I vienna,www.fmaurer.com
FORMFUSION,www.formfusion.net
InterDesign®,www.interdesign.fr
Design Cartel Pty Ltd,www.designcartel.com.au
Petr Mikosek,http://www.mikosek.com
dripta.com,http://www.dripta.com
HolmbäckNordentoft,www.holmbacknordentoft.dk
Lathrop,www.lathropengineering.com
NineDezine,www.ninedezine.com
intuition design,http://www.intuitiondesign.com
Kairos y Cronos diseño,www.kyc.com.uy
"120 Movements, Inc.",http://www.120movements.com/
"Brooks Technical Solutions, Inc.",http://www.brookstech.com/index.htm
notion,www.designbynotion.com
Jon Hughes Studio,www.jonhughestudio.co.uk
oidesign,www.oidesign.com.ar
plusminus design®,http://www.plusminus-design.at
AG Gonzalez Bosque,www.gonzalezbosque.com
Ochoa y Diaz-LLanos,http://www.ochoaydiazllanos.com
ModProducts,www.modproducts.net
studio NAMIC,www.studionamic.com
Jones designs,www.jonesdesigns.co
Industry,http://www.industrypdx.com/
2:1 - Industrial Design,www.doispraum.com.br
Jdi Design inc.,www.jdidesign.com
"Atlantic Quality Design, Inc.",http://www.aqdi.com
COEN!,http://www.coen.info
Formal Design AB,www.designrhetorics.com
Fadtronics Innovation Ltd,www.fadtronics.com
Designroom,http://www.coroflot.com/ibrahimbozkurt
Metrics Design Group,www.metricsdesigngroup.com
Ratio Design Associates Ltd.,http://www.ratiodesignassociates.com/
Davide Valerio Design,www.davidevalerio.it
Grand Dragon Industrial Design,www.gdidesign.com.cn
Upstairs,www.upstairs.pt
SigDesign Sigbjorn Windingstad industri design,www.sigdesign.no
tahir mahmood design,www.tahirmahmood.com
"Sprocket Studio, Inc.",www.sprocketstudio.com
a-Maako Design Center,www.maakogaleria.com
werkstations | DESIGN INNOVATION + PRODUCT REALIZATION,www.werkstations.com
HumanCentric,http://www.humancentric.com/
Objectify Product Development Group,www.objectify.com.my
Fixed Design,http://fixedesign.com
In Spirit Design,http://www.inspiritdesign.com
Veritas Design & Innovation,http://www.veritasdesign.co.uk
"Ace Brain Technologies Pvt. Ltd,",www.acebrain.com
"Anthropolis, LLC",www.anthropolisllc.com
blue sky design group,www.blueskydesigngroup.com.au
Fortec Pty Ltd,www.fortec.com.au
We Are Perspective,http://www.weareperspective.com/blog/
TRAMPOLINE DESIGN,www.designtrampoline.com
Impulse Product Development,http://www.impulseproductdevelopment.com
Epoch Product Design,www.epochdesign.com
Gary Bevis Design,www.garybevis.com
Impact Machine Design Inc.,www.impactmachine.com
Applied Product Design,http://www.appliedproductdesign.co.uk
Schonert Design,http://www.schonertdesign.com
Costello Design,www.costellodesign.com
True Reflections UK Ltd,www.truereflectionsdesign.co.uk
Product Design Factory,www.productdesignfactory.com
drekafluga,www.drekafluga.is
FAKTUM DESIGN s.r.o.,www.faktumdesign.cz
Lucid Design India Pvt. Ltd.,www.lucid.co.in
Mako International Corporation,www.makocorp.com
Design Edge,http://www.designedge.com.au
"One Pica, Inc.",http://www.onepica.com
Rendo,http://www.rendo.co.uk
the Longitude,thelongitude.com
Chaos Design,www.chaosindia.com
Namahn,www.namahn.com
Gravite Design,http://gravitedesign.com/
Sahil & Sarthak,www.sahilsarthak.com
Artes Design,artesdesign.pl
NDH Design,www.ndhdesign.com
Davidsign Ltd,www.davidsign.com
ergoform consulting private limited,www.ergoform.in
Made International Design | Mexico,www.made-id.cm
Made International Design | USA,www.made-id.com
Davison (SH) product design and development center,www.davison.com.cn
"Instinct Engineering, Inc.",http://www.withinstinct.com
Protest Design Oy,www.protestdesign.fi
2 Smart + 1,www.2sp1.com
Vivek Amberkar Product Design,www.vivekamberkar.com
Able Design Engineering Services Pvt. Ltd.,www.abledesigneering.in
Hope Tech Global,www.HopeTechGlobal.com
Ideal Industrial,http://www.ideal-industrial.com
CIVICO13,www.civico13.it
Combustic,http://www.combustic.nl
Scope Design Strategy,www.scopedesignstrategy.com
PER Design (UK) Ltd.,www.perdesignuk.com
360 Design Spark,www.go360ds.com
EZZO DESIGN,www.ezzo.ro
bolartdesign,www.bolartdesign.com
Davlin Designs,www.DavlinDesigns.com
Studio Dror,www.studiodror.com
Designit,www.designit.com
Detail Design and Fabrication Inc. (DD&F),http://www.ddandf.com
Besh3D,www.besh3d.com
Invinite Design,www.invininte.com.hk
Kalomix Limited,www.kalomix.com
Promolding Shanghai,www.promolding.cn
Disign Consultants,www.disignconsultants.com
Luca di Filippo,www.lucadifilippo.com
"Modo, Inc.",www.modocarts.com
Brightside,http://www.brightside.ie/
Think Design Collaborative Pvt Ltd,www.thinkdesign.in
DesignCode,http://www.designcode.es/
Hiroshi Tsunoda Design Studio,http://www.hiroshitsunoda.com
INVENTO DESIGN Bringing ideas to life,http://www.invento.eu
Studio Mangiarotti,http://www.studiomangiarotti.com
Cluck Design Collaborative,www.cluckdesign.com
Vinaccia Integral Design,www.vinaccia.it
Kooyong Design,http://www.kooyongdesign.ie/
ADN DESIGN,www.adndesign.es
"Advancing Ideas, LLC",http://advancingideas.net
W designLab,www.WdesignLab.com
escapefromsofa,www.escapefromsofa.com
Involution Studios,http://involutionstudios.com/
Storeage,www.store-age.nl
PKNTS™,www.pknts.com
Chemistry,www.chemistryteam.com
Industrial North Design,http://www.industrialnorth.co.uk/
WIECHNICKI,http://wiechnicki.com
Michael Roller,www.michaelroller.com
Gamati,www.gamati.com.mx
G2Design,www.g2designindia.com
WhatWorks Design Group,www.whatworksdesign.com
LooL Industrial Design,http://www.lool-id.com
gnu design,http://www.gnudesign.co.uk/
Nottingham-Spirk Design,http://www.ns-design.com
Tridimage | 3D packaging image design,www.tridimage.com
Wares Product Design,www.waresdesign.com
Design Metaphors,http://www.coroflot.com/arivazhagangopalan
j. logan design,www.jlogandesign.com
DesignWright,www.designwright.co.uk
Out of the Deep Blue,http://www.outofthedeepblue.com/
Emil Design Studio Ltd.,www.emildesignstudio.com
Lehnhardt Creative,www.lehnhardtcreative.com
OVO DESIGN LTDA,http://www.ovodesign.com.br
Deepend New York,www.deepend.com
Kicker Studio,http://www.kickerstudio.com
Design Outsource Lab Inc.,www.design-outsource.com
Epidemik Coalition,http://epidemikcoalition.com
UNIQUE FORM GmbH,http://www.uniqueform.de
Zibaloon design center,www.zibaloon.com
quntz | design,www.quntz.com
Tellart,www.tellart.com
Nectarine Group Inc.,http://www.nectarinegroup.com
Intuito,http://www.intuitodesign.com.br
Questto Design,www.questtodesign.com.br
Middlecott,www.middlecott.com
Studio ortizferrer,www.ortizferrer.com
BLACKCAPstudio,http://www.blackcapstudio.com
"Oiseau Group, LLC",www.blackcapstudio.com
board™,www.boardello.co.uk
OMLET ISTANBUL DESIGN OFFICE,www.omletistanbul.com
Fripp Design Limited,http://www.frippdesign.co.uk
RED Branding S.L.,www.red-branding.es
DesignInverso,www.designinverso.com.br
Evolve Design Solutions Inc.,www.evolve-designsolutions.com
Ocean Observations,www.oceanobservations.com
Designlore,www.designlore.com
Spica Designare,www.spicadesignare.com(under Const.
Nordenswan & Siirilä,http://www.nordenswansiirila.fi/
SONOS PRODUCT DEVELOPMENT,www.SonosProductDevelopment.com
creativepool ltd,http://www.creativepool.co.uk
Rohland Industrial Design,www.rid.co.za
ignacio germade,www.germade.net
I.D.milano Product Design,http://www.idmilano.com
byAMT Inc,www.byamt.com
Jarl Fernaeus Design Studio,www.jarlfernaeus.se
demirdendesign,www.demirden.com
Comunistar,http://www.comunistar.com
Synergistic Designs & Displays Inc.,http://www.sdandd.com
Designspring Inc.,www.designspring.com
Davin Larkin,http://www.davinlarkin.com/
IDESO - Industrial Design Solutions,www.ideso.co.za
industrialdesign.ru,www.industrialdesign.ru
substance brand & product identity,www.substance-id.com
Peach Engineering,www.peacheng.com
"IID Product Development Co., Ltd.",www.iidpd.com
Enrico Picciani Designer,http://www.epidesign.it
Performa Design,www.performa-design.com
Perry Design,http://www.perrydesign.biz
Dwyer2 Design,http://www.dwyer2design.com
Rock Galpin Ltd,www.rockgalpin.com
InDepth design consultancy,www.indepthdesign.com
BangkokDesign,www.bangkokdesign.com
RocketDesign,www.rocketdesign.com
PLUSMINUSZERO,www.plusminuszero.co.za
D&D Design,www.dyddesign.com
Christopher C. Deam,www.cdeam.com
